activity_comment,activity_id,activity_properties,assay_chembl_id,assay_description,assay_type,bao_endpoint,bao_format,bao_label,canonical_smiles,data_validity_comment,data_validity_description,document_chembl_id,document_journal,document_year,ligand_efficiency,molecule_chembl_id,molecule_pref_name,parent_molecule_chembl_id,pchembl_value,potential_duplicate,qudt_units,record_id,relation,src_id,standard_flag,standard_relation,standard_text_value,standard_type,standard_units,standard_upper_value,standard_value,target_chembl_id,target_organism,target_pref_name,target_tax_id,text_value,toid,type,units,uo_units,upper_value,value,confidence_score,atc_classifications,availability_type,biotherapeutic,black_box_warning,chebi_par_id,chirality,cross_references,dosed_ingredient,first_approval,first_in_class,helm_notation,indication_class,inorganic_flag,max_phase,molecule_hierarchy,molecule_properties,molecule_structures,molecule_synonyms,molecule_type,natural_product,oral,parenteral,polymer_flag,pref_name,prodrug,structure_type,therapeutic_flag,topical,usan_stem,usan_stem_definition,usan_substem,usan_year,withdrawn_class,withdrawn_country,withdrawn_flag,withdrawn_reason,withdrawn_year,activity_comment_y,activity_id_y,activity_properties_y,assay_chembl_id_y,assay_description_y,assay_type_y,bao_endpoint_y,bao_format_y,bao_label_y,canonical_smiles_y,data_validity_comment_y,data_validity_description_y,document_chembl_id_y,document_journal_y,document_year_y,ligand_efficiency_y,molecule_pref_name_y,parent_molecule_chembl_id_y,pchembl_value_y,potential_duplicate_y,qudt_units_y,record_id_y,relation_y,src_id_y,standard_flag_y,standard_relation_y,standard_text_value_y,standard_type_y,standard_units_y,standard_upper_value_y,standard_value_y,target_chembl_id_y,target_organism_y,target_pref_name_y,target_tax_id_y,text_value_y,toid_y,type_y,units_y,uo_units_y,upper_value_y,confidence_score_y,pIC50,bin,STATUS,SMILES_desalt,mol
,15037437.0,[],CHEMBL3367859,Inhibition of TASK-1 (unknown origin) expressed in CHO cells at 3 uM by thallium flux assay,B,BAO_0000201,BAO_0000219,cell-based format,Cc1cccc(c1)C(=O)Nc2cccc(NC(=O)c3cccc(C)c3)c2,,,CHEMBL3351482,Bioorg. Med. Chem. Lett.,2014.0,,CHEMBL3185736,,CHEMBL3185736,,False,http://qudt.org/vocab/unit#Percent,2246601.0,=,1.0,True,=,,Inhibition,%,,95.6,CHEMBL2321613,Homo sapiens,Potassium channel subfamily K member 3,9606,,,INH,%,UO_0000187,,95.6,9.0,,,,,,,,,,,,,,,,,,,,,,,,,,,,,,,,,,,,,,,15037521,[],CHEMBL3367860,Inhibition of TASK-1 (unknown origin) expressed in CHO cells by thallium flux assay,B,BAO_0000190,BAO_0000219,cell-based format,Cc1cccc(c1)C(=O)Nc2cccc(NC(=O)c3cccc(C)c3)c2,,,CHEMBL3351482,Bioorg. Med. Chem. Lett.,2014.0,"{'bei': '21.84', 'le': '0.4', 'lle': '2.71', 'sei': '12.93'}",,CHEMBL3185736,7.52,False,http://www.openphacts.org/units/Nanomolar,2246601,=,1,True,=,,IC50,nM,,30,CHEMBL2321613,Homo sapiens,Potassium channel subfamily K member 3,9606,,,IC50,uM,UO_0000065,,9,10.522878745280337,"(10,11]",active,Cc1cccc(C(=O)Nc2cccc(NC(=O)c3cccc(C)c3)c2)c1,<rdkit.Chem.rdchem.Mol object at 0x14af8d580>
,15037438.0,[],CHEMBL3367859,Inhibition of TASK-1 (unknown origin) expressed in CHO cells at 3 uM by thallium flux assay,B,BAO_0000201,BAO_0000219,cell-based format,Cc1cccc(c1)C(=O)Nc2cccc(NC(=O)c3ccccc3C)c2,,,CHEMBL3351482,Bioorg. Med. Chem. Lett.,2014.0,,CHEMBL3181939,,CHEMBL3181939,,False,http://qudt.org/vocab/unit#Percent,2246600.0,=,1.0,True,=,,Inhibition,%,,95.5,CHEMBL2321613,Homo sapiens,Potassium channel subfamily K member 3,9606,,,INH,%,UO_0000187,,95.5,9.0,,,,,,,,,,,,,,,,,,,,,,,,,,,,,,,,,,,,,,,15037520,[],CHEMBL3367860,Inhibition of TASK-1 (unknown origin) expressed in CHO cells by thallium flux assay,B,BAO_0000190,BAO_0000219,cell-based format,Cc1cccc(c1)C(=O)Nc2cccc(NC(=O)c3ccccc3C)c2,,,CHEMBL3351482,Bioorg. Med. Chem. Lett.,2014.0,"{'bei': '20.44', 'le': '0.37', 'lle': '2.23', 'sei': '12.1'}",,CHEMBL3181939,7.04,False,http://www.openphacts.org/units/Nanomolar,2246600,=,1,True,=,,IC50,nM,,91,CHEMBL2321613,Homo sapiens,Potassium channel subfamily K member 3,9606,,,IC50,uM,UO_0000065,,9,10.040958607678906,"(10,11]",active,Cc1cccc(C(=O)Nc2cccc(NC(=O)c3ccccc3C)c2)c1,<rdkit.Chem.rdchem.Mol object at 0x14af8d580>
,15037439.0,[],CHEMBL3367859,Inhibition of TASK-1 (unknown origin) expressed in CHO cells at 3 uM by thallium flux assay,B,BAO_0000201,BAO_0000219,cell-based format,O=C(Nc1cccc(NC(=O)c2ccccc2)c1)C3CCCCC3,,,CHEMBL3351482,Bioorg. Med. Chem. Lett.,2014.0,,CHEMBL3184095,,CHEMBL3184095,,False,http://qudt.org/vocab/unit#Percent,2246599.0,=,1.0,True,=,,Inhibition,%,,94.8,CHEMBL2321613,Homo sapiens,Potassium channel subfamily K member 3,9606,,,INH,%,UO_0000187,,94.8,9.0,,,,,,,,,,,,,,,,,,,,,,,,,,,,,,,,,,,,,,,15037519,[],CHEMBL3367860,Inhibition of TASK-1 (unknown origin) expressed in CHO cells by thallium flux assay,B,BAO_0000190,BAO_0000219,cell-based format,O=C(Nc1cccc(NC(=O)c2ccccc2)c1)C3CCCCC3,,,CHEMBL3351482,Bioorg. Med. Chem. Lett.,2014.0,"{'bei': '22.03', 'le': '0.4', 'lle': '2.64', 'sei': '12.2'}",,CHEMBL3184095,7.1,False,http://www.openphacts.org/units/Nanomolar,2246599,=,1,True,=,,IC50,nM,,79,CHEMBL2321613,Homo sapiens,Potassium channel subfamily K member 3,9606,,,IC50,uM,UO_0000065,,9,10.102372908709558,"(10,11]",active,O=C(Nc1cccc(NC(=O)C2CCCCC2)c1)c1ccccc1,<rdkit.Chem.rdchem.Mol object at 0x14af8d580>
,15037440.0,[],CHEMBL3367859,Inhibition of TASK-1 (unknown origin) expressed in CHO cells at 3 uM by thallium flux assay,B,BAO_0000201,BAO_0000219,cell-based format,O=C(Nc1cccc(NC(=O)c2ccncc2)c1)c3ccccc3,,,CHEMBL3351482,Bioorg. Med. Chem. Lett.,2014.0,,CHEMBL3188245,,CHEMBL3188245,,False,http://qudt.org/vocab/unit#Percent,2246598.0,=,1.0,True,=,,Inhibition,%,,91.3,CHEMBL2321613,Homo sapiens,Potassium channel subfamily K member 3,9606,,,INH,%,UO_0000187,,91.3,9.0,,,,,,,,,,,,,,,,,,,,,,,,,,,,,,,,,,,,,,,15037518,[],CHEMBL3367860,Inhibition of TASK-1 (unknown origin) expressed in CHO cells by thallium flux assay,B,BAO_0000190,BAO_0000219,cell-based format,O=C(Nc1cccc(NC(=O)c2ccncc2)c1)c3ccccc3,,,CHEMBL3351482,Bioorg. Med. Chem. Lett.,2014.0,"{'bei': '20.8', 'le': '0.38', 'lle': '3.01', 'sei': '9.29'}",,CHEMBL3188245,6.6,False,http://www.openphacts.org/units/Nanomolar,2246598,=,1,True,=,,IC50,nM,,250,CHEMBL2321613,Homo sapiens,Potassium channel subfamily K member 3,9606,,,IC50,uM,UO_0000065,,9,9.602059991327963,"(9,10]",inactive,O=C(Nc1cccc(NC(=O)c2ccncc2)c1)c1ccccc1,<rdkit.Chem.rdchem.Mol object at 0x14af8d580>
,15037441.0,[],CHEMBL3367859,Inhibition of TASK-1 (unknown origin) expressed in CHO cells at 3 uM by thallium flux assay,B,BAO_0000201,BAO_0000219,cell-based format,O=C(Nc1cccc(NC(=O)c2cccnc2)c1)c3ccccc3,,,CHEMBL3351482,Bioorg. Med. Chem. Lett.,2014.0,,CHEMBL1541525,,CHEMBL1541525,,False,http://qudt.org/vocab/unit#Percent,2246597.0,=,1.0,True,=,,Inhibition,%,,65.6,CHEMBL2321613,Homo sapiens,Potassium channel subfamily K member 3,9606,,,INH,%,UO_0000187,,65.6,9.0,,,,,,,,,,,,,,,,,,,,,,,,,,,,,,,,,,,,,,,15037517,[],CHEMBL3367860,Inhibition of TASK-1 (unknown origin) expressed in CHO cells by thallium flux assay,B,BAO_0000190,BAO_0000219,cell-based format,O=C(Nc1cccc(NC(=O)c2cccnc2)c1)c3ccccc3,,,CHEMBL3351482,Bioorg. Med. Chem. Lett.,2014.0,"{'bei': '18.56', 'le': '0.34', 'lle': '2.3', 'sei': '8.28'}",,CHEMBL1541525,5.89,False,http://www.openphacts.org/units/Nanomolar,2246597,=,1,True,=,,IC50,nM,,1290,CHEMBL2321613,Homo sapiens,Potassium channel subfamily K member 3,9606,,,IC50,uM,UO_0000065,,9,8.88941028970075,"(8,9]",inactive,O=C(Nc1cccc(NC(=O)c2cccnc2)c1)c1ccccc1,<rdkit.Chem.rdchem.Mol object at 0x14af8d580>
,15037442.0,[],CHEMBL3367859,Inhibition of TASK-1 (unknown origin) expressed in CHO cells at 3 uM by thallium flux assay,B,BAO_0000201,BAO_0000219,cell-based format,O=C(Nc1cccc(NC(=O)c2ccccn2)c1)c3ccccc3,,,CHEMBL3351482,Bioorg. Med. Chem. Lett.,2014.0,,CHEMBL3182370,,CHEMBL3182370,,False,http://qudt.org/vocab/unit#Percent,2246596.0,=,1.0,True,=,,Inhibition,%,,94.3,CHEMBL2321613,Homo sapiens,Potassium channel subfamily K member 3,9606,,,INH,%,UO_0000187,,94.3,9.0,,,,,,,,,,,,,,,,,,,,,,,,,,,,,,,,,,,,,,,15037516,[],CHEMBL3367860,Inhibition of TASK-1 (unknown origin) expressed in CHO cells by thallium flux assay,B,BAO_0000190,BAO_0000219,cell-based format,O=C(Nc1cccc(NC(=O)c2ccccn2)c1)c3ccccc3,,,CHEMBL3351482,Bioorg. Med. Chem. Lett.,2014.0,"{'bei': '22.26', 'le': '0.4', 'lle': '3.48', 'sei': '9.94'}",,CHEMBL3182370,7.07,False,http://www.openphacts.org/units/Nanomolar,2246596,=,1,True,=,,IC50,nM,,86,CHEMBL2321613,Homo sapiens,Potassium channel subfamily K member 3,9606,,,IC50,uM,UO_0000065,,9,10.065501548756432,"(10,11]",active,O=C(Nc1cccc(NC(=O)c2ccccn2)c1)c1ccccc1,<rdkit.Chem.rdchem.Mol object at 0x14af8d580>
,15037443.0,[],CHEMBL3367859,Inhibition of TASK-1 (unknown origin) expressed in CHO cells at 3 uM by thallium flux assay,B,BAO_0000201,BAO_0000219,cell-based format,O=C(Nc1cccc(NC(=O)c2ccsc2)c1)c3ccccc3,,,CHEMBL3351482,Bioorg. Med. Chem. Lett.,2014.0,,CHEMBL3183945,,CHEMBL3183945,,False,http://qudt.org/vocab/unit#Percent,2246595.0,=,1.0,True,=,,Inhibition,%,,95.6,CHEMBL2321613,Homo sapiens,Potassium channel subfamily K member 3,9606,,,INH,%,UO_0000187,,95.6,9.0,,,,,,,,,,,,,,,,,,,,,,,,,,,,,,,,,,,,,,,15037515,[],CHEMBL3367860,Inhibition of TASK-1 (unknown origin) expressed in CHO cells by thallium flux assay,B,BAO_0000190,BAO_0000219,cell-based format,O=C(Nc1cccc(NC(=O)c2ccsc2)c1)c3ccccc3,,,CHEMBL3351482,Bioorg. Med. Chem. Lett.,2014.0,"{'bei': '21.08', 'le': '0.4', 'lle': '2.55', 'sei': '11.68'}",,CHEMBL3183945,6.8,False,http://www.openphacts.org/units/Nanomolar,2246595,=,1,True,=,,IC50,nM,,160,CHEMBL2321613,Homo sapiens,Potassium channel subfamily K member 3,9606,,,IC50,uM,UO_0000065,,9,9.795880017344075,"(9,10]",inactive,O=C(Nc1cccc(NC(=O)c2ccsc2)c1)c1ccccc1,<rdkit.Chem.rdchem.Mol object at 0x14af8d580>
,15037444.0,[],CHEMBL3367859,Inhibition of TASK-1 (unknown origin) expressed in CHO cells at 3 uM by thallium flux assay,B,BAO_0000201,BAO_0000219,cell-based format,O=C(Nc1cccc(NC(=O)c2cccs2)c1)c3ccccc3,,,CHEMBL3351482,Bioorg. Med. Chem. Lett.,2014.0,,CHEMBL3182777,,CHEMBL3182777,,False,http://qudt.org/vocab/unit#Percent,2246594.0,=,1.0,True,=,,Inhibition,%,,95,CHEMBL2321613,Homo sapiens,Potassium channel subfamily K member 3,9606,,,INH,%,UO_0000187,,95.0,9.0,,,,,,,,,,,,,,,,,,,,,,,,,,,,,,,,,,,,,,,15037514,[],CHEMBL3367860,Inhibition of TASK-1 (unknown origin) expressed in CHO cells by thallium flux assay,B,BAO_0000190,BAO_0000219,cell-based format,O=C(Nc1cccc(NC(=O)c2cccs2)c1)c3ccccc3,,,CHEMBL3351482,Bioorg. Med. Chem. Lett.,2014.0,"{'bei': '23.38', 'le': '0.45', 'lle': '3.29', 'sei': '12.95'}",,CHEMBL3182777,7.54,False,http://www.openphacts.org/units/Nanomolar,2246594,=,1,True,=,,IC50,nM,,29,CHEMBL2321613,Homo sapiens,Potassium channel subfamily K member 3,9606,,,IC50,uM,UO_0000065,,9,10.537602002101044,"(10,11]",active,O=C(Nc1cccc(NC(=O)c2cccs2)c1)c1ccccc1,<rdkit.Chem.rdchem.Mol object at 0x14af8d580>
,15037445.0,[],CHEMBL3367859,Inhibition of TASK-1 (unknown origin) expressed in CHO cells at 3 uM by thallium flux assay,B,BAO_0000201,BAO_0000219,cell-based format,O=C(Nc1cccc(NC(=O)c2ccccc2)c1)c3cocc3,,,CHEMBL3351482,Bioorg. Med. Chem. Lett.,2014.0,,CHEMBL3188024,,CHEMBL3188024,,False,http://qudt.org/vocab/unit#Percent,2246593.0,=,1.0,True,=,,Inhibition,%,,72.9,CHEMBL2321613,Homo sapiens,Potassium channel subfamily K member 3,9606,,,INH,%,UO_0000187,,72.9,9.0,,,,,,,,,,,,,,,,,,,,,,,,,,,,,,,,,,,,,,,15037513,[],CHEMBL3367860,Inhibition of TASK-1 (unknown origin) expressed in CHO cells by thallium flux assay,B,BAO_0000190,BAO_0000219,cell-based format,O=C(Nc1cccc(NC(=O)c2ccccc2)c1)c3cocc3,,,CHEMBL3351482,Bioorg. Med. Chem. Lett.,2014.0,"{'bei': '19.9', 'le': '0.36', 'lle': '2.32', 'sei': '8.55'}",,CHEMBL3188024,6.1,False,http://www.openphacts.org/units/Nanomolar,2246593,=,1,True,=,,IC50,nM,,800,CHEMBL2321613,Homo sapiens,Potassium channel subfamily K member 3,9606,,,IC50,uM,UO_0000065,,9,9.096910013008056,"(9,10]",inactive,O=C(Nc1cccc(NC(=O)c2ccoc2)c1)c1ccccc1,<rdkit.Chem.rdchem.Mol object at 0x14af8d580>
,15037446.0,[],CHEMBL3367859,Inhibition of TASK-1 (unknown origin) expressed in CHO cells at 3 uM by thallium flux assay,B,BAO_0000201,BAO_0000219,cell-based format,O=C(Nc1cccc(NC(=O)c2ccccc2)c1)c3occc3,,,CHEMBL3351482,Bioorg. Med. Chem. Lett.,2014.0,,CHEMBL1716797,,CHEMBL1716797,,False,http://qudt.org/vocab/unit#Percent,2246592.0,=,1.0,True,=,,Inhibition,%,,93.2,CHEMBL2321613,Homo sapiens,Potassium channel subfamily K member 3,9606,,,INH,%,UO_0000187,,93.2,9.0,,,,,,,,,,,,,,,,,,,,,,,,,,,,,,,,,,,,,,,15037512,[],CHEMBL3367860,Inhibition of TASK-1 (unknown origin) expressed in CHO cells by thallium flux assay,B,BAO_0000190,BAO_0000219,cell-based format,O=C(Nc1cccc(NC(=O)c2ccccc2)c1)c3occc3,,,CHEMBL3351482,Bioorg. Med. Chem. Lett.,2014.0,"{'bei': '24.26', 'le': '0.44', 'lle': '3.65', 'sei': '10.42'}",,CHEMBL1716797,7.43,False,http://www.openphacts.org/units/Nanomolar,2246592,=,1,True,=,,IC50,nM,,37,CHEMBL2321613,Homo sapiens,Potassium channel subfamily K member 3,9606,,,IC50,uM,UO_0000065,,9,10.431798275933005,"(10,11]",active,O=C(Nc1cccc(NC(=O)c2ccco2)c1)c1ccccc1,<rdkit.Chem.rdchem.Mol object at 0x14af8d580>
,15037447.0,[],CHEMBL3367859,Inhibition of TASK-1 (unknown origin) expressed in CHO cells at 3 uM by thallium flux assay,B,BAO_0000201,BAO_0000219,cell-based format,CN(C)c1ccc(cc1)C(=O)Nc2cccc(NC(=O)c3ccccc3)c2,,,CHEMBL3351482,Bioorg. Med. Chem. Lett.,2014.0,,CHEMBL3184653,,CHEMBL3184653,,False,http://qudt.org/vocab/unit#Percent,2246591.0,=,1.0,True,=,,Inhibition,%,,87.3,CHEMBL2321613,Homo sapiens,Potassium channel subfamily K member 3,9606,,,INH,%,UO_0000187,,87.3,9.0,,,,,,,,,,,,,,,,,,,,,,,,,,,,,,,,,,,,,,,15037511,[],CHEMBL3367860,Inhibition of TASK-1 (unknown origin) expressed in CHO cells by thallium flux assay,B,BAO_0000190,BAO_0000219,cell-based format,CN(C)c1ccc(cc1)C(=O)Nc2cccc(NC(=O)c3ccccc3)c2,,,CHEMBL3351482,Bioorg. Med. Chem. Lett.,2014.0,"{'bei': '18.32', 'le': '0.33', 'lle': '2.33', 'sei': '10.72'}",,CHEMBL3184653,6.58,False,http://www.openphacts.org/units/Nanomolar,2246591,=,1,True,=,,IC50,nM,,260,CHEMBL2321613,Homo sapiens,Potassium channel subfamily K member 3,9606,,,IC50,uM,UO_0000065,,9,9.585026652029182,"(9,10]",inactive,CN(C)c1ccc(C(=O)Nc2cccc(NC(=O)c3ccccc3)c2)cc1,<rdkit.Chem.rdchem.Mol object at 0x14af8d580>
,15037448.0,[],CHEMBL3367859,Inhibition of TASK-1 (unknown origin) expressed in CHO cells at 3 uM by thallium flux assay,B,BAO_0000201,BAO_0000219,cell-based format,CC(C)(C)c1ccc(cc1)C(=O)Nc2cccc(NC(=O)c3ccccc3)c2,,,CHEMBL3351482,Bioorg. Med. Chem. Lett.,2014.0,,CHEMBL3317850,,CHEMBL3317850,,False,http://qudt.org/vocab/unit#Percent,2246590.0,=,1.0,True,=,,Inhibition,%,,22,CHEMBL2321613,Homo sapiens,Potassium channel subfamily K member 3,9606,,,INH,%,UO_0000187,,22.0,9.0,,,,,,,,,,,,,,,,,,,,,,,,,,,,,,,,,,,,,,,15037510,[],CHEMBL3367860,Inhibition of TASK-1 (unknown origin) expressed in CHO cells by thallium flux assay,B,BAO_0000190,BAO_0000219,cell-based format,CC(C)(C)c1ccc(cc1)C(=O)Nc2cccc(NC(=O)c3ccccc3)c2,,,CHEMBL3351482,Bioorg. Med. Chem. Lett.,2014.0,,,CHEMBL3317850,,False,http://www.openphacts.org/units/Nanomolar,2246590,>,1,True,>,,IC50,nM,,3000,CHEMBL2321613,Homo sapiens,Potassium channel subfamily K member 3,9606,,,IC50,uM,UO_0000065,,9,8.522878745280337,"(8,9]",inactive,CC(C)(C)c1ccc(C(=O)Nc2cccc(NC(=O)c3ccccc3)c2)cc1,<rdkit.Chem.rdchem.Mol object at 0x14af8d580>
,15037449.0,[],CHEMBL3367859,Inhibition of TASK-1 (unknown origin) expressed in CHO cells at 3 uM by thallium flux assay,B,BAO_0000201,BAO_0000219,cell-based format,FC(F)(F)c1ccc(cc1)C(=O)Nc2cccc(NC(=O)c3ccccc3)c2,,,CHEMBL3351482,Bioorg. Med. Chem. Lett.,2014.0,,CHEMBL3317849,,CHEMBL3317849,,False,http://qudt.org/vocab/unit#Percent,2246589.0,=,1.0,True,=,,Inhibition,%,,33.7,CHEMBL2321613,Homo sapiens,Potassium channel subfamily K member 3,9606,,,INH,%,UO_0000187,,33.7,9.0,,,,,,,,,,,,,,,,,,,,,,,,,,,,,,,,,,,,,,,15037509,[],CHEMBL3367860,Inhibition of TASK-1 (unknown origin) expressed in CHO cells by thallium flux assay,B,BAO_0000190,BAO_0000219,cell-based format,FC(F)(F)c1ccc(cc1)C(=O)Nc2cccc(NC(=O)c3ccccc3)c2,,,CHEMBL3351482,Bioorg. Med. Chem. Lett.,2014.0,,,CHEMBL3317849,,False,http://www.openphacts.org/units/Nanomolar,2246589,>,1,True,>,,IC50,nM,,3000,CHEMBL2321613,Homo sapiens,Potassium channel subfamily K member 3,9606,,,IC50,uM,UO_0000065,,9,8.522878745280337,"(8,9]",inactive,O=C(Nc1cccc(NC(=O)c2ccc(C(F)(F)F)cc2)c1)c1ccccc1,<rdkit.Chem.rdchem.Mol object at 0x14af8d580>
,15037450.0,[],CHEMBL3367859,Inhibition of TASK-1 (unknown origin) expressed in CHO cells at 3 uM by thallium flux assay,B,BAO_0000201,BAO_0000219,cell-based format,FC(F)(F)c1cccc(c1)C(=O)Nc2cccc(NC(=O)c3ccccc3)c2,,,CHEMBL3351482,Bioorg. Med. Chem. Lett.,2014.0,,CHEMBL3186946,,CHEMBL3186946,,False,http://qudt.org/vocab/unit#Percent,2246588.0,=,1.0,True,=,,Inhibition,%,,94.6,CHEMBL2321613,Homo sapiens,Potassium channel subfamily K member 3,9606,,,INH,%,UO_0000187,,94.6,9.0,,,,,,,,,,,,,,,,,,,,,,,,,,,,,,,,,,,,,,,15037508,[],CHEMBL3367860,Inhibition of TASK-1 (unknown origin) expressed in CHO cells by thallium flux assay,B,BAO_0000190,BAO_0000219,cell-based format,FC(F)(F)c1cccc(c1)C(=O)Nc2cccc(NC(=O)c3ccccc3)c2,,,CHEMBL3351482,Bioorg. Med. Chem. Lett.,2014.0,"{'bei': '17.68', 'le': '0.33', 'lle': '1.59', 'sei': '11.68'}",,CHEMBL3186946,6.8,False,http://www.openphacts.org/units/Nanomolar,2246588,=,1,True,=,,IC50,nM,,160,CHEMBL2321613,Homo sapiens,Potassium channel subfamily K member 3,9606,,,IC50,uM,UO_0000065,,9,9.795880017344075,"(9,10]",inactive,O=C(Nc1cccc(NC(=O)c2cccc(C(F)(F)F)c2)c1)c1ccccc1,<rdkit.Chem.rdchem.Mol object at 0x14af8d580>
,15037451.0,[],CHEMBL3367859,Inhibition of TASK-1 (unknown origin) expressed in CHO cells at 3 uM by thallium flux assay,B,BAO_0000201,BAO_0000219,cell-based format,FC(F)(F)c1ccccc1C(=O)Nc2cccc(NC(=O)c3ccccc3)c2,,,CHEMBL3351482,Bioorg. Med. Chem. Lett.,2014.0,,CHEMBL3186206,,CHEMBL3186206,,False,http://qudt.org/vocab/unit#Percent,2246587.0,=,1.0,True,=,,Inhibition,%,,94.7,CHEMBL2321613,Homo sapiens,Potassium channel subfamily K member 3,9606,,,INH,%,UO_0000187,,94.7,9.0,,,,,,,,,,,,,,,,,,,,,,,,,,,,,,,,,,,,,,,15037507,[],CHEMBL3367860,Inhibition of TASK-1 (unknown origin) expressed in CHO cells by thallium flux assay,B,BAO_0000190,BAO_0000219,cell-based format,FC(F)(F)c1ccccc1C(=O)Nc2cccc(NC(=O)c3ccccc3)c2,,,CHEMBL3351482,Bioorg. Med. Chem. Lett.,2014.0,"{'bei': '17.92', 'le': '0.34', 'lle': '1.68', 'sei': '11.83'}",,CHEMBL3186206,6.89,False,http://www.openphacts.org/units/Nanomolar,2246587,=,1,True,=,,IC50,nM,,130,CHEMBL2321613,Homo sapiens,Potassium channel subfamily K member 3,9606,,,IC50,uM,UO_0000065,,9,9.886056647693163,"(9,10]",inactive,O=C(Nc1cccc(NC(=O)c2ccccc2C(F)(F)F)c1)c1ccccc1,<rdkit.Chem.rdchem.Mol object at 0x14af8d580>
,15037452.0,[],CHEMBL3367859,Inhibition of TASK-1 (unknown origin) expressed in CHO cells at 3 uM by thallium flux assay,B,BAO_0000201,BAO_0000219,cell-based format,Clc1ccc(cc1)C(=O)Nc2cccc(NC(=O)c3ccccc3)c2,,,CHEMBL3351482,Bioorg. Med. Chem. Lett.,2014.0,,CHEMBL3317822,,CHEMBL3317822,,False,http://qudt.org/vocab/unit#Percent,2246586.0,=,1.0,True,=,,Inhibition,%,,26.3,CHEMBL2321613,Homo sapiens,Potassium channel subfamily K member 3,9606,,,INH,%,UO_0000187,,26.3,9.0,,,,,,,,,,,,,,,,,,,,,,,,,,,,,,,,,,,,,,,15037506,[],CHEMBL3367860,Inhibition of TASK-1 (unknown origin) expressed in CHO cells by thallium flux assay,B,BAO_0000190,BAO_0000219,cell-based format,Clc1ccc(cc1)C(=O)Nc2cccc(NC(=O)c3ccccc3)c2,,,CHEMBL3351482,Bioorg. Med. Chem. Lett.,2014.0,,,CHEMBL3317822,,False,http://www.openphacts.org/units/Nanomolar,2246586,>,1,True,>,,IC50,nM,,3000,CHEMBL2321613,Homo sapiens,Potassium channel subfamily K member 3,9606,,,IC50,uM,UO_0000065,,9,8.522878745280337,"(8,9]",inactive,O=C(Nc1cccc(NC(=O)c2ccc(Cl)cc2)c1)c1ccccc1,<rdkit.Chem.rdchem.Mol object at 0x14af8d580>
,15037453.0,[],CHEMBL3367859,Inhibition of TASK-1 (unknown origin) expressed in CHO cells at 3 uM by thallium flux assay,B,BAO_0000201,BAO_0000219,cell-based format,Clc1cccc(c1)C(=O)Nc2cccc(NC(=O)c3ccccc3)c2,,,CHEMBL3351482,Bioorg. Med. Chem. Lett.,2014.0,,CHEMBL3184966,,CHEMBL3184966,,False,http://qudt.org/vocab/unit#Percent,2246585.0,=,1.0,True,=,,Inhibition,%,,99.8,CHEMBL2321613,Homo sapiens,Potassium channel subfamily K member 3,9606,,,INH,%,UO_0000187,,99.8,9.0,,,,,,,,,,,,,,,,,,,,,,,,,,,,,,,,,,,,,,,15037505,[],CHEMBL3367860,Inhibition of TASK-1 (unknown origin) expressed in CHO cells by thallium flux assay,B,BAO_0000190,BAO_0000219,cell-based format,Clc1cccc(c1)C(=O)Nc2cccc(NC(=O)c3ccccc3)c2,,,CHEMBL3351482,Bioorg. Med. Chem. Lett.,2014.0,"{'bei': '20.76', 'le': '0.4', 'lle': '2.44', 'sei': '12.52'}",,CHEMBL3184966,7.28,False,http://www.openphacts.org/units/Nanomolar,2246585,=,1,True,=,,IC50,nM,,52,CHEMBL2321613,Homo sapiens,Potassium channel subfamily K member 3,9606,,,IC50,uM,UO_0000065,,9,10.2839966563652,"(10,11]",active,O=C(Nc1cccc(NC(=O)c2cccc(Cl)c2)c1)c1ccccc1,<rdkit.Chem.rdchem.Mol object at 0x14af8d580>
,15037454.0,[],CHEMBL3367859,Inhibition of TASK-1 (unknown origin) expressed in CHO cells at 3 uM by thallium flux assay,B,BAO_0000201,BAO_0000219,cell-based format,Clc1ccccc1C(=O)Nc2cccc(NC(=O)c3ccccc3)c2,,,CHEMBL3351482,Bioorg. Med. Chem. Lett.,2014.0,,CHEMBL3182809,,CHEMBL3182809,,False,http://qudt.org/vocab/unit#Percent,2246584.0,=,1.0,True,=,,Inhibition,%,,97.3,CHEMBL2321613,Homo sapiens,Potassium channel subfamily K member 3,9606,,,INH,%,UO_0000187,,97.3,9.0,,,,,,,,,,,,,,,,,,,,,,,,,,,,,,,,,,,,,,,15037504,[],CHEMBL3367860,Inhibition of TASK-1 (unknown origin) expressed in CHO cells by thallium flux assay,B,BAO_0000190,BAO_0000219,cell-based format,Clc1ccccc1C(=O)Nc2cccc(NC(=O)c3ccccc3)c2,,,CHEMBL3351482,Bioorg. Med. Chem. Lett.,2014.0,"{'bei': '17.96', 'le': '0.34', 'lle': '1.46', 'sei': '10.83'}",,CHEMBL3182809,6.3,False,http://www.openphacts.org/units/Nanomolar,2246584,=,1,True,=,,IC50,nM,,500,CHEMBL2321613,Homo sapiens,Potassium channel subfamily K member 3,9606,,,IC50,uM,UO_0000065,,9,9.301029995663981,"(9,10]",inactive,O=C(Nc1cccc(NC(=O)c2ccccc2Cl)c1)c1ccccc1,<rdkit.Chem.rdchem.Mol object at 0x14af8d580>
,15037455.0,[],CHEMBL3367859,Inhibition of TASK-1 (unknown origin) expressed in CHO cells at 3 uM by thallium flux assay,B,BAO_0000201,BAO_0000219,cell-based format,Fc1ccc(cc1)C(=O)Nc2cccc(NC(=O)c3ccccc3)c2,,,CHEMBL3351482,Bioorg. Med. Chem. Lett.,2014.0,,CHEMBL3184075,,CHEMBL3184075,,False,http://qudt.org/vocab/unit#Percent,2246583.0,=,1.0,True,=,,Inhibition,%,,77.2,CHEMBL2321613,Homo sapiens,Potassium channel subfamily K member 3,9606,,,INH,%,UO_0000187,,77.2,9.0,,,,,,,,,,,,,,,,,,,,,,,,,,,,,,,,,,,,,,,15037503,[],CHEMBL3367860,Inhibition of TASK-1 (unknown origin) expressed in CHO cells by thallium flux assay,B,BAO_0000190,BAO_0000219,cell-based format,Fc1ccc(cc1)C(=O)Nc2cccc(NC(=O)c3ccccc3)c2,,,CHEMBL3351482,Bioorg. Med. Chem. Lett.,2014.0,"{'bei': '19.47', 'le': '0.36', 'lle': '2.18', 'sei': '11.18'}",,CHEMBL3184075,6.51,False,http://www.openphacts.org/units/Nanomolar,2246583,=,1,True,=,,IC50,nM,,310,CHEMBL2321613,Homo sapiens,Potassium channel subfamily K member 3,9606,,,IC50,uM,UO_0000065,,9,9.508638306165727,"(9,10]",inactive,O=C(Nc1cccc(NC(=O)c2ccc(F)cc2)c1)c1ccccc1,<rdkit.Chem.rdchem.Mol object at 0x14af8d580>
,15037456.0,[],CHEMBL3367859,Inhibition of TASK-1 (unknown origin) expressed in CHO cells at 3 uM by thallium flux assay,B,BAO_0000201,BAO_0000219,cell-based format,Fc1cccc(c1)C(=O)Nc2cccc(NC(=O)c3ccccc3)c2,,,CHEMBL3351482,Bioorg. Med. Chem. Lett.,2014.0,,CHEMBL1532914,,CHEMBL1532914,,False,http://qudt.org/vocab/unit#Percent,2246582.0,=,1.0,True,=,,Inhibition,%,,78.8,CHEMBL2321613,Homo sapiens,Potassium channel subfamily K member 3,9606,,,INH,%,UO_0000187,,78.8,9.0,,,,,,,,,,,,,,,,,,,,,,,,,,,,,,,,,,,,,,,15037502,[],CHEMBL3367860,Inhibition of TASK-1 (unknown origin) expressed in CHO cells by thallium flux assay,B,BAO_0000190,BAO_0000219,cell-based format,Fc1cccc(c1)C(=O)Nc2cccc(NC(=O)c3ccccc3)c2,,,CHEMBL3351482,Bioorg. Med. Chem. Lett.,2014.0,"{'bei': '21.97', 'le': '0.4', 'lle': '3.02', 'sei': '12.62'}",,CHEMBL1532914,7.35,False,http://www.openphacts.org/units/Nanomolar,2246582,=,1,True,=,,IC50,nM,,45,CHEMBL2321613,Homo sapiens,Potassium channel subfamily K member 3,9606,,,IC50,uM,UO_0000065,,9,10.346787486224656,"(10,11]",active,O=C(Nc1cccc(NC(=O)c2cccc(F)c2)c1)c1ccccc1,<rdkit.Chem.rdchem.Mol object at 0x14af8d580>
,15037457.0,[],CHEMBL3367859,Inhibition of TASK-1 (unknown origin) expressed in CHO cells at 3 uM by thallium flux assay,B,BAO_0000201,BAO_0000219,cell-based format,COc1ccc(cc1)C(=O)Nc2cccc(NC(=O)c3ccccc3)c2,,,CHEMBL3351482,Bioorg. Med. Chem. Lett.,2014.0,,CHEMBL3186030,,CHEMBL3186030,,False,http://qudt.org/vocab/unit#Percent,2246581.0,=,1.0,True,=,,Inhibition,%,,97.9,CHEMBL2321613,Homo sapiens,Potassium channel subfamily K member 3,9606,,,INH,%,UO_0000187,,97.9,9.0,,,,,,,,,,,,,,,,,,,,,,,,,,,,,,,,,,,,,,,15037501,[],CHEMBL3367860,Inhibition of TASK-1 (unknown origin) expressed in CHO cells by thallium flux assay,B,BAO_0000190,BAO_0000219,cell-based format,COc1ccc(cc1)C(=O)Nc2cccc(NC(=O)c3ccccc3)c2,,,CHEMBL3351482,Bioorg. Med. Chem. Lett.,2014.0,,,CHEMBL3186030,,False,http://www.openphacts.org/units/Nanomolar,2246581,>,1,True,>,,IC50,nM,,3000,CHEMBL2321613,Homo sapiens,Potassium channel subfamily K member 3,9606,,,IC50,uM,UO_0000065,,9,8.522878745280337,"(8,9]",inactive,COc1ccc(C(=O)Nc2cccc(NC(=O)c3ccccc3)c2)cc1,<rdkit.Chem.rdchem.Mol object at 0x14af8d580>
,15037458.0,[],CHEMBL3367859,Inhibition of TASK-1 (unknown origin) expressed in CHO cells at 3 uM by thallium flux assay,B,BAO_0000201,BAO_0000219,cell-based format,COc1cccc(c1)C(=O)Nc2cccc(NC(=O)c3ccccc3)c2,,,CHEMBL3351482,Bioorg. Med. Chem. Lett.,2014.0,,CHEMBL3183938,,CHEMBL3183938,,False,http://qudt.org/vocab/unit#Percent,2246580.0,=,1.0,True,=,,Inhibition,%,,96.7,CHEMBL2321613,Homo sapiens,Potassium channel subfamily K member 3,9606,,,INH,%,UO_0000187,,96.7,9.0,,,,,,,,,,,,,,,,,,,,,,,,,,,,,,,,,,,,,,,15037500,[],CHEMBL3367860,Inhibition of TASK-1 (unknown origin) expressed in CHO cells by thallium flux assay,B,BAO_0000190,BAO_0000219,cell-based format,COc1cccc(c1)C(=O)Nc2cccc(NC(=O)c3ccccc3)c2,,,CHEMBL3351482,Bioorg. Med. Chem. Lett.,2014.0,"{'bei': '18.71', 'le': '0.34', 'lle': '2.28', 'sei': '9.61'}",,CHEMBL3183938,6.48,False,http://www.openphacts.org/units/Nanomolar,2246580,=,1,True,=,,IC50,nM,,330,CHEMBL2321613,Homo sapiens,Potassium channel subfamily K member 3,9606,,,IC50,uM,UO_0000065,,9,9.481486060122112,"(9,10]",inactive,COc1cccc(C(=O)Nc2cccc(NC(=O)c3ccccc3)c2)c1,<rdkit.Chem.rdchem.Mol object at 0x14af8d580>
,15037459.0,[],CHEMBL3367859,Inhibition of TASK-1 (unknown origin) expressed in CHO cells at 3 uM by thallium flux assay,B,BAO_0000201,BAO_0000219,cell-based format,COc1ccccc1C(=O)Nc2cccc(NC(=O)c3ccccc3)c2,,,CHEMBL3351482,Bioorg. Med. Chem. Lett.,2014.0,,CHEMBL3188343,,CHEMBL3188343,,False,http://qudt.org/vocab/unit#Percent,2246579.0,=,1.0,True,=,,Inhibition,%,,94.9,CHEMBL2321613,Homo sapiens,Potassium channel subfamily K member 3,9606,,,INH,%,UO_0000187,,94.9,9.0,,,,,,,,,,,,,,,,,,,,,,,,,,,,,,,,,,,,,,,15037499,[],CHEMBL3367860,Inhibition of TASK-1 (unknown origin) expressed in CHO cells by thallium flux assay,B,BAO_0000190,BAO_0000219,cell-based format,COc1ccccc1C(=O)Nc2cccc(NC(=O)c3ccccc3)c2,,,CHEMBL3351482,Bioorg. Med. Chem. Lett.,2014.0,"{'bei': '19.22', 'le': '0.35', 'lle': '2.46', 'sei': '9.87'}",,CHEMBL3188343,6.66,False,http://www.openphacts.org/units/Nanomolar,2246579,=,1,True,=,,IC50,nM,,220,CHEMBL2321613,Homo sapiens,Potassium channel subfamily K member 3,9606,,,IC50,uM,UO_0000065,,9,9.657577319177793,"(9,10]",inactive,COc1ccccc1C(=O)Nc1cccc(NC(=O)c2ccccc2)c1,<rdkit.Chem.rdchem.Mol object at 0x14af8d580>
,15037461.0,[],CHEMBL3367859,Inhibition of TASK-1 (unknown origin) expressed in CHO cells at 3 uM by thallium flux assay,B,BAO_0000201,BAO_0000219,cell-based format,Cc1ccc(cc1)C(=O)Nc2cccc(NC(=O)c3ccccc3)c2,,,CHEMBL3351482,Bioorg. Med. Chem. Lett.,2014.0,,CHEMBL3317848,,CHEMBL3317848,,False,http://qudt.org/vocab/unit#Percent,2246577.0,=,1.0,True,=,,Inhibition,%,,56.2,CHEMBL2321613,Homo sapiens,Potassium channel subfamily K member 3,9606,,,INH,%,UO_0000187,,56.2,9.0,,,,,,,,,,,,,,,,,,,,,,,,,,,,,,,,,,,,,,,15037497,[],CHEMBL3367860,Inhibition of TASK-1 (unknown origin) expressed in CHO cells by thallium flux assay,B,BAO_0000190,BAO_0000219,cell-based format,Cc1ccc(cc1)C(=O)Nc2cccc(NC(=O)c3ccccc3)c2,,,CHEMBL3351482,Bioorg. Med. Chem. Lett.,2014.0,,,CHEMBL3317848,,False,http://www.openphacts.org/units/Nanomolar,2246577,>,1,True,>,,IC50,nM,,3000,CHEMBL2321613,Homo sapiens,Potassium channel subfamily K member 3,9606,,,IC50,uM,UO_0000065,,9,8.522878745280337,"(8,9]",inactive,Cc1ccc(C(=O)Nc2cccc(NC(=O)c3ccccc3)c2)cc1,<rdkit.Chem.rdchem.Mol object at 0x14af8d580>
,15037462.0,[],CHEMBL3367859,Inhibition of TASK-1 (unknown origin) expressed in CHO cells at 3 uM by thallium flux assay,B,BAO_0000201,BAO_0000219,cell-based format,Cc1ccccc1C(=O)Nc2cccc(NC(=O)c3ccccc3)c2,,,CHEMBL3351482,Bioorg. Med. Chem. Lett.,2014.0,,CHEMBL3186207,,CHEMBL3186207,,False,http://qudt.org/vocab/unit#Percent,2246576.0,=,1.0,True,=,,Inhibition,%,,91.9,CHEMBL2321613,Homo sapiens,Potassium channel subfamily K member 3,9606,,,INH,%,UO_0000187,,91.9,9.0,,,,,,,,,,,,,,,,,,,,,,,,,,,,,,,,,,,,,,,15037496,[],CHEMBL3367860,Inhibition of TASK-1 (unknown origin) expressed in CHO cells by thallium flux assay,B,BAO_0000190,BAO_0000219,cell-based format,Cc1ccccc1C(=O)Nc2cccc(NC(=O)c3ccccc3)c2,,,CHEMBL3351482,Bioorg. Med. Chem. Lett.,2014.0,"{'bei': '21.19', 'le': '0.38', 'lle': '2.5', 'sei': '12.03'}",,CHEMBL3186207,7,False,http://www.openphacts.org/units/Nanomolar,2246576,=,1,True,=,,IC50,nM,,100,CHEMBL2321613,Homo sapiens,Potassium channel subfamily K member 3,9606,,,IC50,uM,UO_0000065,,9,10.0,"(9,10]",active,Cc1ccccc1C(=O)Nc1cccc(NC(=O)c2ccccc2)c1,<rdkit.Chem.rdchem.Mol object at 0x14af8d580>
,15037463.0,[],CHEMBL3367859,Inhibition of TASK-1 (unknown origin) expressed in CHO cells at 3 uM by thallium flux assay,B,BAO_0000201,BAO_0000219,cell-based format,Cc1cccc(c1)C(=O)Nc2cccc(NC(=O)c3ccccc3)c2,,,CHEMBL3351482,Bioorg. Med. Chem. Lett.,2014.0,,CHEMBL1310568,,CHEMBL1310568,,False,http://qudt.org/vocab/unit#Percent,2246575.0,=,1.0,True,=,,Inhibition,%,,97.4,CHEMBL2321613,Homo sapiens,Potassium channel subfamily K member 3,9606,,,INH,%,UO_0000187,,97.4,9.0,,,,,,,,,,,,,,,,,,,,,,,,,,,,,,,,,,,,,,,15037495,[],CHEMBL3367860,Inhibition of TASK-1 (unknown origin) expressed in CHO cells by thallium flux assay,B,BAO_0000190,BAO_0000219,cell-based format,Cc1cccc(c1)C(=O)Nc2cccc(NC(=O)c3ccccc3)c2,,,CHEMBL3351482,Bioorg. Med. Chem. Lett.,2014.0,"{'bei': '22.91', 'le': '0.41', 'lle': '3.07', 'sei': '13'}",,CHEMBL1310568,7.57,False,http://www.openphacts.org/units/Nanomolar,2246575,=,1,True,=,,IC50,nM,,27,CHEMBL2321613,Homo sapiens,Potassium channel subfamily K member 3,9606,,,IC50,uM,UO_0000065,,9,10.568636235841012,"(10,11]",active,Cc1cccc(C(=O)Nc2cccc(NC(=O)c3ccccc3)c2)c1,<rdkit.Chem.rdchem.Mol object at 0x14af8d580>
,15037464.0,[],CHEMBL3367859,Inhibition of TASK-1 (unknown origin) expressed in CHO cells at 3 uM by thallium flux assay,B,BAO_0000201,BAO_0000219,cell-based format,CC(C)c1ccccc1C(=O)Nc2cccc(NC(=O)c3cccc(C)c3)c2,,,CHEMBL3351482,Bioorg. Med. Chem. Lett.,2014.0,,CHEMBL3184438,,CHEMBL3184438,,False,http://qudt.org/vocab/unit#Percent,2246602.0,=,1.0,True,=,,Inhibition,%,,94.5,CHEMBL2321613,Homo sapiens,Potassium channel subfamily K member 3,9606,,,INH,%,UO_0000187,,94.5,9.0,,,,,,,,,,,,,,,,,,,,,,,,,,,,,,,,,,,,,,,15037522,[],CHEMBL3367860,Inhibition of TASK-1 (unknown origin) expressed in CHO cells by thallium flux assay,B,BAO_0000190,BAO_0000219,cell-based format,CC(C)c1ccccc1C(=O)Nc2cccc(NC(=O)c3cccc(C)c3)c2,,,CHEMBL3351482,Bioorg. Med. Chem. Lett.,2014.0,"{'bei': '17.4', 'le': '0.32', 'lle': '0.86', 'sei': '11.14'}",,CHEMBL3184438,6.48,False,http://www.openphacts.org/units/Nanomolar,2246602,=,1,True,=,,IC50,nM,,330,CHEMBL2321613,Homo sapiens,Potassium channel subfamily K member 3,9606,,,IC50,uM,UO_0000065,,9,9.481486060122112,"(9,10]",inactive,Cc1cccc(C(=O)Nc2cccc(NC(=O)c3ccccc3C(C)C)c2)c1,<rdkit.Chem.rdchem.Mol object at 0x14af8d580>
,15037465.0,[],CHEMBL3367859,Inhibition of TASK-1 (unknown origin) expressed in CHO cells at 3 uM by thallium flux assay,B,BAO_0000201,BAO_0000219,cell-based format,Cc1cccc(c1)C(=O)Nc2cccc(NC(=O)c3ccc(cc3)C(C)(C)C)c2,,,CHEMBL3351482,Bioorg. Med. Chem. Lett.,2014.0,,CHEMBL3181946,,CHEMBL3181946,,False,http://qudt.org/vocab/unit#Percent,2246603.0,=,1.0,True,=,,Inhibition,%,,96.6,CHEMBL2321613,Homo sapiens,Potassium channel subfamily K member 3,9606,,,INH,%,UO_0000187,,96.6,9.0,,,,,,,,,,,,,,,,,,,,,,,,,,,,,,,,,,,,,,,15037523,[],CHEMBL3367860,Inhibition of TASK-1 (unknown origin) expressed in CHO cells by thallium flux assay,B,BAO_0000190,BAO_0000219,cell-based format,Cc1cccc(c1)C(=O)Nc2cccc(NC(=O)c3ccc(cc3)C(C)(C)C)c2,,,CHEMBL3351482,Bioorg. Med. Chem. Lett.,2014.0,"{'bei': '17.39', 'le': '0.32', 'lle': '0.92', 'sei': '11.55'}",,CHEMBL3181946,6.72,False,http://www.openphacts.org/units/Nanomolar,2246603,=,1,True,=,,IC50,nM,,190,CHEMBL2321613,Homo sapiens,Potassium channel subfamily K member 3,9606,,,IC50,uM,UO_0000065,,9,9.721246399047171,"(9,10]",inactive,Cc1cccc(C(=O)Nc2cccc(NC(=O)c3ccc(C(C)(C)C)cc3)c2)c1,<rdkit.Chem.rdchem.Mol object at 0x14af8d580>
,15037466.0,[],CHEMBL3367859,Inhibition of TASK-1 (unknown origin) expressed in CHO cells at 3 uM by thallium flux assay,B,BAO_0000201,BAO_0000219,cell-based format,COc1ccccc1C(=O)Nc2cccc(NC(=O)c3cccc(C)c3)c2,,,CHEMBL3351482,Bioorg. Med. Chem. Lett.,2014.0,,CHEMBL1081188,,CHEMBL1081188,,False,http://qudt.org/vocab/unit#Percent,2246604.0,=,1.0,True,=,,Inhibition,%,,96.6,CHEMBL2321613,Homo sapiens,Potassium channel subfamily K member 3,9606,,,INH,%,UO_0000187,,96.6,9.0,,,,,,,,,,,,,,,,,,,,,,,,,,,,,,,,,,,,,,,15037524,[],CHEMBL3367860,Inhibition of TASK-1 (unknown origin) expressed in CHO cells by thallium flux assay,B,BAO_0000190,BAO_0000219,cell-based format,COc1ccccc1C(=O)Nc2cccc(NC(=O)c3cccc(C)c3)c2,,,CHEMBL3351482,Bioorg. Med. Chem. Lett.,2014.0,"{'bei': '23.3', 'le': '0.42', 'lle': '3.89', 'sei': '12.45'}",,CHEMBL1081188,8.4,False,http://www.openphacts.org/units/Nanomolar,2246604,=,1,True,=,,IC50,nM,,4,CHEMBL2321613,Homo sapiens,Potassium channel subfamily K member 3,9606,,,IC50,uM,UO_0000065,,9,11.397940008672037,,active,COc1ccccc1C(=O)Nc1cccc(NC(=O)c2cccc(C)c2)c1,<rdkit.Chem.rdchem.Mol object at 0x14af8d580>
,15037467.0,[],CHEMBL3367859,Inhibition of TASK-1 (unknown origin) expressed in CHO cells at 3 uM by thallium flux assay,B,BAO_0000201,BAO_0000219,cell-based format,COc1cccc(c1)C(=O)Nc2cccc(NC(=O)c3cccc(C)c3)c2,,,CHEMBL3351482,Bioorg. Med. Chem. Lett.,2014.0,,CHEMBL3187806,,CHEMBL3187806,,False,http://qudt.org/vocab/unit#Percent,2246605.0,=,1.0,True,=,,Inhibition,%,,92,CHEMBL2321613,Homo sapiens,Potassium channel subfamily K member 3,9606,,,INH,%,UO_0000187,,92.0,9.0,,,,,,,,,,,,,,,,,,,,,,,,,,,,,,,,,,,,,,,15037525,[],CHEMBL3367860,Inhibition of TASK-1 (unknown origin) expressed in CHO cells by thallium flux assay,B,BAO_0000190,BAO_0000219,cell-based format,COc1cccc(c1)C(=O)Nc2cccc(NC(=O)c3cccc(C)c3)c2,,,CHEMBL3351482,Bioorg. Med. Chem. Lett.,2014.0,"{'bei': '20.83', 'le': '0.38', 'lle': '3', 'sei': '11.14'}",,CHEMBL3187806,7.51,False,http://www.openphacts.org/units/Nanomolar,2246605,=,1,True,=,,IC50,nM,,31,CHEMBL2321613,Homo sapiens,Potassium channel subfamily K member 3,9606,,,IC50,uM,UO_0000065,,9,10.508638306165727,"(10,11]",active,COc1cccc(C(=O)Nc2cccc(NC(=O)c3cccc(C)c3)c2)c1,<rdkit.Chem.rdchem.Mol object at 0x14af8d580>
,15037468.0,[],CHEMBL3367859,Inhibition of TASK-1 (unknown origin) expressed in CHO cells at 3 uM by thallium flux assay,B,BAO_0000201,BAO_0000219,cell-based format,COc1ccc(cc1)C(=O)Nc2cccc(NC(=O)c3cccc(C)c3)c2,,,CHEMBL3351482,Bioorg. Med. Chem. Lett.,2014.0,,CHEMBL3188671,,CHEMBL3188671,,False,http://qudt.org/vocab/unit#Percent,2246606.0,=,1.0,True,=,,Inhibition,%,,69.3,CHEMBL2321613,Homo sapiens,Potassium channel subfamily K member 3,9606,,,INH,%,UO_0000187,,69.3,9.0,,,,,,,,,,,,,,,,,,,,,,,,,,,,,,,,,,,,,,,15037526,[],CHEMBL3367860,Inhibition of TASK-1 (unknown origin) expressed in CHO cells by thallium flux assay,B,BAO_0000190,BAO_0000219,cell-based format,COc1ccc(cc1)C(=O)Nc2cccc(NC(=O)c3cccc(C)c3)c2,,,CHEMBL3351482,Bioorg. Med. Chem. Lett.,2014.0,"{'bei': '16.33', 'le': '0.3', 'lle': '1.38', 'sei': '8.73'}",,CHEMBL3188671,5.89,False,http://www.openphacts.org/units/Nanomolar,2246606,=,1,True,=,,IC50,nM,,1300,CHEMBL2321613,Homo sapiens,Potassium channel subfamily K member 3,9606,,,IC50,uM,UO_0000065,,9,8.886056647693163,"(8,9]",inactive,COc1ccc(C(=O)Nc2cccc(NC(=O)c3cccc(C)c3)c2)cc1,<rdkit.Chem.rdchem.Mol object at 0x14af8d580>
,15037469.0,[],CHEMBL3367859,Inhibition of TASK-1 (unknown origin) expressed in CHO cells at 3 uM by thallium flux assay,B,BAO_0000201,BAO_0000219,cell-based format,COc1ccc(OC)c(c1)C(=O)Nc2cccc(NC(=O)c3cccc(C)c3)c2,,,CHEMBL3351482,Bioorg. Med. Chem. Lett.,2014.0,,CHEMBL3317851,,CHEMBL3317851,,False,http://qudt.org/vocab/unit#Percent,2246607.0,=,1.0,True,=,,Inhibition,%,,93.2,CHEMBL2321613,Homo sapiens,Potassium channel subfamily K member 3,9606,,,INH,%,UO_0000187,,93.2,9.0,,,,,,,,,,,,,,,,,,,,,,,,,,,,,,,,,,,,,,,15037527,[],CHEMBL3367860,Inhibition of TASK-1 (unknown origin) expressed in CHO cells by thallium flux assay,B,BAO_0000190,BAO_0000219,cell-based format,COc1ccc(OC)c(c1)C(=O)Nc2cccc(NC(=O)c3cccc(C)c3)c2,,,CHEMBL3351482,Bioorg. Med. Chem. Lett.,2014.0,"{'bei': '17.48', 'le': '0.32', 'lle': '2.3', 'sei': '8.9'}",,CHEMBL3317851,6.82,False,http://www.openphacts.org/units/Nanomolar,2246607,=,1,True,=,,IC50,nM,,150,CHEMBL2321613,Homo sapiens,Potassium channel subfamily K member 3,9606,,,IC50,uM,UO_0000065,,9,9.823908740944319,"(9,10]",inactive,COc1ccc(OC)c(C(=O)Nc2cccc(NC(=O)c3cccc(C)c3)c2)c1,<rdkit.Chem.rdchem.Mol object at 0x14af8d580>
,15037470.0,[],CHEMBL3367859,Inhibition of TASK-1 (unknown origin) expressed in CHO cells at 3 uM by thallium flux assay,B,BAO_0000201,BAO_0000219,cell-based format,CCOc1ccccc1C(=O)Nc2cccc(NC(=O)c3cccc(C)c3)c2,,,CHEMBL3351482,Bioorg. Med. Chem. Lett.,2014.0,,CHEMBL3187482,,CHEMBL3187482,,False,http://qudt.org/vocab/unit#Percent,2246608.0,=,1.0,True,=,,Inhibition,%,,100,CHEMBL2321613,Homo sapiens,Potassium channel subfamily K member 3,9606,,,INH,%,UO_0000187,,100.0,9.0,,,,,,,,,,,,,,,,,,,,,,,,,,,,,,,,,,,,,,,15037528,[],CHEMBL3367860,Inhibition of TASK-1 (unknown origin) expressed in CHO cells by thallium flux assay,B,BAO_0000190,BAO_0000219,cell-based format,CCOc1ccccc1C(=O)Nc2cccc(NC(=O)c3cccc(C)c3)c2,,,CHEMBL3351482,Bioorg. Med. Chem. Lett.,2014.0,"{'bei': '21.49', 'le': '0.39', 'lle': '3.15', 'sei': '11.93'}",,CHEMBL3187482,8.05,False,http://www.openphacts.org/units/Nanomolar,2246608,=,1,True,=,,IC50,nM,,9,CHEMBL2321613,Homo sapiens,Potassium channel subfamily K member 3,9606,,,IC50,uM,UO_0000065,,9,11.045757490560675,,active,CCOc1ccccc1C(=O)Nc1cccc(NC(=O)c2cccc(C)c2)c1,<rdkit.Chem.rdchem.Mol object at 0x14af8d580>
,15037471.0,[],CHEMBL3367859,Inhibition of TASK-1 (unknown origin) expressed in CHO cells at 3 uM by thallium flux assay,B,BAO_0000201,BAO_0000219,cell-based format,Cc1cccc(c1)C(=O)Nc2cccc(NC(=O)c3ccccc3OC(F)(F)F)c2,,,CHEMBL3351482,Bioorg. Med. Chem. Lett.,2014.0,,CHEMBL3182725,,CHEMBL3182725,,False,http://qudt.org/vocab/unit#Percent,2246609.0,=,1.0,True,=,,Inhibition,%,,93.4,CHEMBL2321613,Homo sapiens,Potassium channel subfamily K member 3,9606,,,INH,%,UO_0000187,,93.4,9.0,,,,,,,,,,,,,,,,,,,,,,,,,,,,,,,,,,,,,,,15037529,[],CHEMBL3367860,Inhibition of TASK-1 (unknown origin) expressed in CHO cells by thallium flux assay,B,BAO_0000190,BAO_0000219,cell-based format,Cc1cccc(c1)C(=O)Nc2cccc(NC(=O)c3ccccc3OC(F)(F)F)c2,,,CHEMBL3351482,Bioorg. Med. Chem. Lett.,2014.0,"{'bei': '18.19', 'le': '0.34', 'lle': '2.14', 'sei': '11.18'}",,CHEMBL3182725,7.54,False,http://www.openphacts.org/units/Nanomolar,2246609,=,1,True,=,,IC50,nM,,29,CHEMBL2321613,Homo sapiens,Potassium channel subfamily K member 3,9606,,,IC50,uM,UO_0000065,,9,10.537602002101044,"(10,11]",active,Cc1cccc(C(=O)Nc2cccc(NC(=O)c3ccccc3OC(F)(F)F)c2)c1,<rdkit.Chem.rdchem.Mol object at 0x14af8d580>
,15037472.0,[],CHEMBL3367859,Inhibition of TASK-1 (unknown origin) expressed in CHO cells at 3 uM by thallium flux assay,B,BAO_0000201,BAO_0000219,cell-based format,CC(C)Oc1ccccc1C(=O)Nc2cccc(NC(=O)c3cccc(C)c3)c2,,,CHEMBL3351482,Bioorg. Med. Chem. Lett.,2014.0,,CHEMBL3317852,,CHEMBL3317852,,False,http://qudt.org/vocab/unit#Percent,2246610.0,=,1.0,True,=,,Inhibition,%,,100,CHEMBL2321613,Homo sapiens,Potassium channel subfamily K member 3,9606,,,INH,%,UO_0000187,,100.0,9.0,,,,,,,,,,,,,,,,,,,,,,,,,,,,,,,,,,,,,,,15037530,[],CHEMBL3367860,Inhibition of TASK-1 (unknown origin) expressed in CHO cells by thallium flux assay,B,BAO_0000190,BAO_0000219,cell-based format,CC(C)Oc1ccccc1C(=O)Nc2cccc(NC(=O)c3cccc(C)c3)c2,,,CHEMBL3351482,Bioorg. Med. Chem. Lett.,2014.0,"{'bei': '17.19', 'le': '0.31', 'lle': '1.39', 'sei': '9.9'}",,CHEMBL3317852,6.68,False,http://www.openphacts.org/units/Nanomolar,2246610,=,1,True,=,,IC50,nM,,210,CHEMBL2321613,Homo sapiens,Potassium channel subfamily K member 3,9606,,,IC50,uM,UO_0000065,,9,9.67778070526608,"(9,10]",inactive,Cc1cccc(C(=O)Nc2cccc(NC(=O)c3ccccc3OC(C)C)c2)c1,<rdkit.Chem.rdchem.Mol object at 0x14af8d580>
,15037473.0,[],CHEMBL3367859,Inhibition of TASK-1 (unknown origin) expressed in CHO cells at 3 uM by thallium flux assay,B,BAO_0000201,BAO_0000219,cell-based format,Cc1cccc(c1)C(=O)Nc2cccc(NC(=O)c3ccccc3Cl)c2,,,CHEMBL3351482,Bioorg. Med. Chem. Lett.,2014.0,,CHEMBL3186695,,CHEMBL3186695,,False,http://qudt.org/vocab/unit#Percent,2246611.0,=,1.0,True,=,,Inhibition,%,,92,CHEMBL2321613,Homo sapiens,Potassium channel subfamily K member 3,9606,,,INH,%,UO_0000187,,92.0,9.0,,,,,,,,,,,,,,,,,,,,,,,,,,,,,,,,,,,,,,,15037531,[],CHEMBL3367860,Inhibition of TASK-1 (unknown origin) expressed in CHO cells by thallium flux assay,B,BAO_0000190,BAO_0000219,cell-based format,Cc1cccc(c1)C(=O)Nc2cccc(NC(=O)c3ccccc3Cl)c2,,,CHEMBL3351482,Bioorg. Med. Chem. Lett.,2014.0,"{'bei': '20.94', 'le': '0.4', 'lle': '2.49', 'sei': '13.12'}",,CHEMBL3186695,7.64,False,http://www.openphacts.org/units/Nanomolar,2246611,=,1,True,=,,IC50,nM,,23,CHEMBL2321613,Homo sapiens,Potassium channel subfamily K member 3,9606,,,IC50,uM,UO_0000065,,9,10.638272163982407,"(10,11]",active,Cc1cccc(C(=O)Nc2cccc(NC(=O)c3ccccc3Cl)c2)c1,<rdkit.Chem.rdchem.Mol object at 0x14af8d580>
,15037474.0,[],CHEMBL3367859,Inhibition of TASK-1 (unknown origin) expressed in CHO cells at 3 uM by thallium flux assay,B,BAO_0000201,BAO_0000219,cell-based format,Cc1cccc(c1)C(=O)Nc2cccc(NC(=O)c3cccc(Cl)c3)c2,,,CHEMBL3351482,Bioorg. Med. Chem. Lett.,2014.0,,CHEMBL1086899,,CHEMBL1086899,,False,http://qudt.org/vocab/unit#Percent,2246612.0,=,1.0,True,=,,Inhibition,%,,92.2,CHEMBL2321613,Homo sapiens,Potassium channel subfamily K member 3,9606,,,INH,%,UO_0000187,,92.2,9.0,,,,,,,,,,,,,,,,,,,,,,,,,,,,,,,,,,,,,,,15037532,[],CHEMBL3367860,Inhibition of TASK-1 (unknown origin) expressed in CHO cells by thallium flux assay,B,BAO_0000190,BAO_0000219,cell-based format,Cc1cccc(c1)C(=O)Nc2cccc(NC(=O)c3cccc(Cl)c3)c2,,,CHEMBL3351482,Bioorg. Med. Chem. Lett.,2014.0,"{'bei': '23.36', 'le': '0.45', 'lle': '3.37', 'sei': '14.64'}",,CHEMBL1086899,8.52,False,http://www.openphacts.org/units/Nanomolar,2246612,=,1,True,=,,IC50,nM,,3,CHEMBL2321613,Homo sapiens,Potassium channel subfamily K member 3,9606,,,IC50,uM,UO_0000065,,9,11.522878745280337,,active,Cc1cccc(C(=O)Nc2cccc(NC(=O)c3cccc(Cl)c3)c2)c1,<rdkit.Chem.rdchem.Mol object at 0x14af8d580>
,15037475.0,[],CHEMBL3367859,Inhibition of TASK-1 (unknown origin) expressed in CHO cells at 3 uM by thallium flux assay,B,BAO_0000201,BAO_0000219,cell-based format,Cc1cccc(c1)C(=O)Nc2cccc(NC(=O)c3ccc(Cl)cc3)c2,,,CHEMBL3351482,Bioorg. Med. Chem. Lett.,2014.0,,CHEMBL3186471,,CHEMBL3186471,,False,http://qudt.org/vocab/unit#Percent,2246613.0,=,1.0,True,=,,Inhibition,%,,77.9,CHEMBL2321613,Homo sapiens,Potassium channel subfamily K member 3,9606,,,INH,%,UO_0000187,,77.9,9.0,,,,,,,,,,,,,,,,,,,,,,,,,,,,,,,,,,,,,,,15037533,[],CHEMBL3367860,Inhibition of TASK-1 (unknown origin) expressed in CHO cells by thallium flux assay,B,BAO_0000190,BAO_0000219,cell-based format,Cc1cccc(c1)C(=O)Nc2cccc(NC(=O)c3ccc(Cl)cc3)c2,,,CHEMBL3351482,Bioorg. Med. Chem. Lett.,2014.0,"{'bei': '18.7', 'le': '0.36', 'lle': '1.67', 'sei': '11.72'}",,CHEMBL3186471,6.82,False,http://www.openphacts.org/units/Nanomolar,2246613,=,1,True,=,,IC50,nM,,150,CHEMBL2321613,Homo sapiens,Potassium channel subfamily K member 3,9606,,,IC50,uM,UO_0000065,,9,9.823908740944319,"(9,10]",inactive,Cc1cccc(C(=O)Nc2cccc(NC(=O)c3ccc(Cl)cc3)c2)c1,<rdkit.Chem.rdchem.Mol object at 0x14af8d580>
,15037476.0,[],CHEMBL3367859,Inhibition of TASK-1 (unknown origin) expressed in CHO cells at 3 uM by thallium flux assay,B,BAO_0000201,BAO_0000219,cell-based format,Cc1cccc(c1)C(=O)Nc2cccc(NC(=O)c3cccc(F)c3)c2,,,CHEMBL3351482,Bioorg. Med. Chem. Lett.,2014.0,,CHEMBL3182551,,CHEMBL3182551,,False,http://qudt.org/vocab/unit#Percent,2246614.0,=,1.0,True,=,,Inhibition,%,,93.7,CHEMBL2321613,Homo sapiens,Potassium channel subfamily K member 3,9606,,,INH,%,UO_0000187,,93.7,9.0,,,,,,,,,,,,,,,,,,,,,,,,,,,,,,,,,,,,,,,15037534,[],CHEMBL3367860,Inhibition of TASK-1 (unknown origin) expressed in CHO cells by thallium flux assay,B,BAO_0000190,BAO_0000219,cell-based format,Cc1cccc(c1)C(=O)Nc2cccc(NC(=O)c3cccc(F)c3)c2,,,CHEMBL3351482,Bioorg. Med. Chem. Lett.,2014.0,"{'bei': '21.82', 'le': '0.4', 'lle': '2.96', 'sei': '13.06'}",,CHEMBL3182551,7.6,False,http://www.openphacts.org/units/Nanomolar,2246614,=,1,True,=,,IC50,nM,,25,CHEMBL2321613,Homo sapiens,Potassium channel subfamily K member 3,9606,,,IC50,uM,UO_0000065,,9,10.602059991327963,"(10,11]",active,Cc1cccc(C(=O)Nc2cccc(NC(=O)c3cccc(F)c3)c2)c1,<rdkit.Chem.rdchem.Mol object at 0x14af8d580>
,15037477.0,[],CHEMBL3367859,Inhibition of TASK-1 (unknown origin) expressed in CHO cells at 3 uM by thallium flux assay,B,BAO_0000201,BAO_0000219,cell-based format,Cc1cccc(c1)C(=O)Nc2cccc(NC(=O)c3ccccc3C(F)(F)F)c2,,,CHEMBL3351482,Bioorg. Med. Chem. Lett.,2014.0,,CHEMBL3188857,,CHEMBL3188857,,False,http://qudt.org/vocab/unit#Percent,2246615.0,=,1.0,True,=,,Inhibition,%,,91.9,CHEMBL2321613,Homo sapiens,Potassium channel subfamily K member 3,9606,,,INH,%,UO_0000187,,91.9,9.0,,,,,,,,,,,,,,,,,,,,,,,,,,,,,,,,,,,,,,,15037535,[],CHEMBL3367860,Inhibition of TASK-1 (unknown origin) expressed in CHO cells by thallium flux assay,B,BAO_0000190,BAO_0000219,cell-based format,Cc1cccc(c1)C(=O)Nc2cccc(NC(=O)c3ccccc3C(F)(F)F)c2,,,CHEMBL3351482,Bioorg. Med. Chem. Lett.,2014.0,"{'bei': '19.71', 'le': '0.37', 'lle': '2.33', 'sei': '13.49'}",,CHEMBL3188857,7.85,False,http://www.openphacts.org/units/Nanomolar,2246615,=,1,True,=,,IC50,nM,,14,CHEMBL2321613,Homo sapiens,Potassium channel subfamily K member 3,9606,,,IC50,uM,UO_0000065,,9,10.853871964321762,"(10,11]",active,Cc1cccc(C(=O)Nc2cccc(NC(=O)c3ccccc3C(F)(F)F)c2)c1,<rdkit.Chem.rdchem.Mol object at 0x14af8d580>
,15037479.0,[],CHEMBL3367859,Inhibition of TASK-1 (unknown origin) expressed in CHO cells at 3 uM by thallium flux assay,B,BAO_0000201,BAO_0000219,cell-based format,Cc1cccc(c1)C(=O)Nc2cccc(NC(=O)c3ccc(cc3)C(F)(F)F)c2,,,CHEMBL3351482,Bioorg. Med. Chem. Lett.,2014.0,,CHEMBL3317853,,CHEMBL3317853,,False,http://qudt.org/vocab/unit#Percent,2246617.0,=,1.0,True,=,,Inhibition,%,,20.2,CHEMBL2321613,Homo sapiens,Potassium channel subfamily K member 3,9606,,,INH,%,UO_0000187,,20.2,9.0,,,,,,,,,,,,,,,,,,,,,,,,,,,,,,,,,,,,,,,15037537,[],CHEMBL3367860,Inhibition of TASK-1 (unknown origin) expressed in CHO cells by thallium flux assay,B,BAO_0000190,BAO_0000219,cell-based format,Cc1cccc(c1)C(=O)Nc2cccc(NC(=O)c3ccc(cc3)C(F)(F)F)c2,,,CHEMBL3351482,Bioorg. Med. Chem. Lett.,2014.0,,,CHEMBL3317853,,False,http://www.openphacts.org/units/Nanomolar,2246617,>,1,True,>,,IC50,nM,,3000,CHEMBL2321613,Homo sapiens,Potassium channel subfamily K member 3,9606,,,IC50,uM,UO_0000065,,9,8.522878745280337,"(8,9]",inactive,Cc1cccc(C(=O)Nc2cccc(NC(=O)c3ccc(C(F)(F)F)cc3)c2)c1,<rdkit.Chem.rdchem.Mol object at 0x14af8d580>
,15037480.0,[],CHEMBL3367859,Inhibition of TASK-1 (unknown origin) expressed in CHO cells at 3 uM by thallium flux assay,B,BAO_0000201,BAO_0000219,cell-based format,CN(C)c1ccc(cc1)C(=O)Nc2cccc(NC(=O)c3cccc(C)c3)c2,,,CHEMBL3351482,Bioorg. Med. Chem. Lett.,2014.0,,CHEMBL3188463,,CHEMBL3188463,,False,http://qudt.org/vocab/unit#Percent,2246618.0,=,1.0,True,=,,Inhibition,%,,100,CHEMBL2321613,Homo sapiens,Potassium channel subfamily K member 3,9606,,,INH,%,UO_0000187,,100.0,9.0,,,,,,,,,,,,,,,,,,,,,,,,,,,,,,,,,,,,,,,15037538,[],CHEMBL3367860,Inhibition of TASK-1 (unknown origin) expressed in CHO cells by thallium flux assay,B,BAO_0000190,BAO_0000219,cell-based format,CN(C)c1ccc(cc1)C(=O)Nc2cccc(NC(=O)c3cccc(C)c3)c2,,,CHEMBL3351482,Bioorg. Med. Chem. Lett.,2014.0,"{'bei': '18.27', 'le': '0.33', 'lle': '2.25', 'sei': '11.11'}",,CHEMBL3188463,6.82,False,http://www.openphacts.org/units/Nanomolar,2246618,=,1,True,=,,IC50,nM,,150,CHEMBL2321613,Homo sapiens,Potassium channel subfamily K member 3,9606,,,IC50,uM,UO_0000065,,9,9.823908740944319,"(9,10]",inactive,Cc1cccc(C(=O)Nc2cccc(NC(=O)c3ccc(N(C)C)cc3)c2)c1,<rdkit.Chem.rdchem.Mol object at 0x14af8d580>
,15037481.0,[],CHEMBL3367859,Inhibition of TASK-1 (unknown origin) expressed in CHO cells at 3 uM by thallium flux assay,B,BAO_0000201,BAO_0000219,cell-based format,Cc1cccc(c1)C(=O)Nc2cccc(NC(=O)c3occc3)c2,,,CHEMBL3351482,Bioorg. Med. Chem. Lett.,2014.0,,CHEMBL3182773,,CHEMBL3182773,,False,http://qudt.org/vocab/unit#Percent,2246619.0,=,1.0,True,=,,Inhibition,%,,92.8,CHEMBL2321613,Homo sapiens,Potassium channel subfamily K member 3,9606,,,INH,%,UO_0000187,,92.8,9.0,,,,,,,,,,,,,,,,,,,,,,,,,,,,,,,,,,,,,,,15037539,[],CHEMBL3367860,Inhibition of TASK-1 (unknown origin) expressed in CHO cells by thallium flux assay,B,BAO_0000190,BAO_0000219,cell-based format,Cc1cccc(c1)C(=O)Nc2cccc(NC(=O)c3occc3)c2,,,CHEMBL3351482,Bioorg. Med. Chem. Lett.,2014.0,"{'bei': '21.39', 'le': '0.39', 'lle': '2.76', 'sei': '9.61'}",,CHEMBL3182773,6.85,False,http://www.openphacts.org/units/Nanomolar,2246619,=,1,True,=,,IC50,nM,,140,CHEMBL2321613,Homo sapiens,Potassium channel subfamily K member 3,9606,,,IC50,uM,UO_0000065,,9,9.853871964321762,"(9,10]",inactive,Cc1cccc(C(=O)Nc2cccc(NC(=O)c3ccco3)c2)c1,<rdkit.Chem.rdchem.Mol object at 0x14af8d580>
,15037482.0,[],CHEMBL3367859,Inhibition of TASK-1 (unknown origin) expressed in CHO cells at 3 uM by thallium flux assay,B,BAO_0000201,BAO_0000219,cell-based format,Cc1cccc(c1)C(=O)Nc2cccc(NC(=O)c3cccs3)c2,,,CHEMBL3351482,Bioorg. Med. Chem. Lett.,2014.0,,CHEMBL3182091,,CHEMBL3182091,,False,http://qudt.org/vocab/unit#Percent,2246620.0,=,1.0,True,=,,Inhibition,%,,94.1,CHEMBL2321613,Homo sapiens,Potassium channel subfamily K member 3,9606,,,INH,%,UO_0000187,,94.1,9.0,,,,,,,,,,,,,,,,,,,,,,,,,,,,,,,,,,,,,,,15037540,[],CHEMBL3367860,Inhibition of TASK-1 (unknown origin) expressed in CHO cells by thallium flux assay,B,BAO_0000190,BAO_0000219,cell-based format,Cc1cccc(c1)C(=O)Nc2cccc(NC(=O)c3cccs3)c2,,,CHEMBL3351482,Bioorg. Med. Chem. Lett.,2014.0,"{'bei': '24.67', 'le': '0.47', 'lle': '3.74', 'sei': '14.26'}",,CHEMBL3182091,8.3,False,http://www.openphacts.org/units/Nanomolar,2246620,=,1,True,=,,IC50,nM,,5,CHEMBL2321613,Homo sapiens,Potassium channel subfamily K member 3,9606,,,IC50,uM,UO_0000065,,9,11.301029995663981,,active,Cc1cccc(C(=O)Nc2cccc(NC(=O)c3cccs3)c2)c1,<rdkit.Chem.rdchem.Mol object at 0x14af8d580>
,15037484.0,[],CHEMBL3367859,Inhibition of TASK-1 (unknown origin) expressed in CHO cells at 3 uM by thallium flux assay,B,BAO_0000201,BAO_0000219,cell-based format,COc1ccccc1C(=O)Nc2cccc(NC(=O)c3ccccc3OC)c2,,,CHEMBL3351482,Bioorg. Med. Chem. Lett.,2014.0,,CHEMBL3182359,,CHEMBL3182359,,False,http://qudt.org/vocab/unit#Percent,2246622.0,=,1.0,True,=,,Inhibition,%,,96.6,CHEMBL2321613,Homo sapiens,Potassium channel subfamily K member 3,9606,,,INH,%,UO_0000187,,96.6,9.0,,,,,,,,,,,,,,,,,,,,,,,,,,,,,,,,,,,,,,,15037542,[],CHEMBL3367860,Inhibition of TASK-1 (unknown origin) expressed in CHO cells by thallium flux assay,B,BAO_0000190,BAO_0000219,cell-based format,COc1ccccc1C(=O)Nc2cccc(NC(=O)c3ccccc3OC)c2,,,CHEMBL3351482,Bioorg. Med. Chem. Lett.,2014.0,"{'bei': '21.25', 'le': '0.39', 'lle': '3.79', 'sei': '10.44'}",,CHEMBL3182359,8,False,http://www.openphacts.org/units/Nanomolar,2246622,=,1,True,=,,IC50,nM,,10,CHEMBL2321613,Homo sapiens,Potassium channel subfamily K member 3,9606,,,IC50,uM,UO_0000065,,9,11.0,"(10,11]",active,COc1ccccc1C(=O)Nc1cccc(NC(=O)c2ccccc2OC)c1,<rdkit.Chem.rdchem.Mol object at 0x14af8d580>
,15037485.0,[],CHEMBL3367859,Inhibition of TASK-1 (unknown origin) expressed in CHO cells at 3 uM by thallium flux assay,B,BAO_0000201,BAO_0000219,cell-based format,COc1ccccc1C(=O)Nc2cccc(NC(=O)c3ccccc3OC(F)(F)F)c2,,,CHEMBL3351482,Bioorg. Med. Chem. Lett.,2014.0,,CHEMBL3188749,,CHEMBL3188749,,False,http://qudt.org/vocab/unit#Percent,2246623.0,=,1.0,True,=,,Inhibition,%,,92.1,CHEMBL2321613,Homo sapiens,Potassium channel subfamily K member 3,9606,,,INH,%,UO_0000187,,92.1,9.0,,,,,,,,,,,,,,,,,,,,,,,,,,,,,,,,,,,,,,,15037543,[],CHEMBL3367860,Inhibition of TASK-1 (unknown origin) expressed in CHO cells by thallium flux assay,B,BAO_0000190,BAO_0000219,cell-based format,COc1ccccc1C(=O)Nc2cccc(NC(=O)c3ccccc3OC(F)(F)F)c2,,,CHEMBL3351482,Bioorg. Med. Chem. Lett.,2014.0,"{'bei': '19.51', 'le': '0.37', 'lle': '3.3', 'sei': '10.95'}",,CHEMBL3188749,8.4,False,http://www.openphacts.org/units/Nanomolar,2246623,=,1,True,=,,IC50,nM,,4,CHEMBL2321613,Homo sapiens,Potassium channel subfamily K member 3,9606,,,IC50,uM,UO_0000065,,9,11.397940008672037,,active,COc1ccccc1C(=O)Nc1cccc(NC(=O)c2ccccc2OC(F)(F)F)c1,<rdkit.Chem.rdchem.Mol object at 0x14af8d580>
,15037486.0,[],CHEMBL3367859,Inhibition of TASK-1 (unknown origin) expressed in CHO cells at 3 uM by thallium flux assay,B,BAO_0000201,BAO_0000219,cell-based format,CCOc1ccccc1C(=O)Nc2cccc(NC(=O)c3ccccc3OC)c2,,,CHEMBL3351482,Bioorg. Med. Chem. Lett.,2014.0,,CHEMBL3183497,,CHEMBL3183497,,False,http://qudt.org/vocab/unit#Percent,2246624.0,=,1.0,True,=,,Inhibition,%,,92.2,CHEMBL2321613,Homo sapiens,Potassium channel subfamily K member 3,9606,,,INH,%,UO_0000187,,92.2,9.0,,,,,,,,,,,,,,,,,,,,,,,,,,,,,,,,,,,,,,,15037544,[],CHEMBL3367860,Inhibition of TASK-1 (unknown origin) expressed in CHO cells by thallium flux assay,B,BAO_0000190,BAO_0000219,cell-based format,CCOc1ccccc1C(=O)Nc2cccc(NC(=O)c3ccccc3OC)c2,,,CHEMBL3351482,Bioorg. Med. Chem. Lett.,2014.0,"{'bei': '22.28', 'le': '0.41', 'lle': '4.1', 'sei': '11.35'}",,CHEMBL3183497,8.7,False,http://www.openphacts.org/units/Nanomolar,2246624,=,1,True,=,,IC50,nM,,2,CHEMBL2321613,Homo sapiens,Potassium channel subfamily K member 3,9606,,,IC50,uM,UO_0000065,,9,11.698970004336019,,active,CCOc1ccccc1C(=O)Nc1cccc(NC(=O)c2ccccc2OC)c1,<rdkit.Chem.rdchem.Mol object at 0x14af8d580>
,15037487.0,[],CHEMBL3367859,Inhibition of TASK-1 (unknown origin) expressed in CHO cells at 3 uM by thallium flux assay,B,BAO_0000201,BAO_0000219,cell-based format,COc1ccccc1C(=O)Nc2cccc(NC(=O)c3ccccc3C)c2,,,CHEMBL3351482,Bioorg. Med. Chem. Lett.,2014.0,,CHEMBL1480257,,CHEMBL1480257,,False,http://qudt.org/vocab/unit#Percent,2246625.0,=,1.0,True,=,,Inhibition,%,,100,CHEMBL2321613,Homo sapiens,Potassium channel subfamily K member 3,9606,,,INH,%,UO_0000187,,100.0,9.0,,,,,,,,,,,,,,,,,,,,,,,,,,,,,,,,,,,,,,,15037545,[],CHEMBL3367860,Inhibition of TASK-1 (unknown origin) expressed in CHO cells by thallium flux assay,B,BAO_0000190,BAO_0000219,cell-based format,COc1ccccc1C(=O)Nc2cccc(NC(=O)c3ccccc3C)c2,,,CHEMBL3351482,Bioorg. Med. Chem. Lett.,2014.0,"{'bei': '19.8', 'le': '0.36', 'lle': '2.63', 'sei': '10.58'}",,CHEMBL1480257,7.14,False,http://www.openphacts.org/units/Nanomolar,2246625,=,1,True,=,,IC50,nM,,73,CHEMBL2321613,Homo sapiens,Potassium channel subfamily K member 3,9606,,,IC50,uM,UO_0000065,,9,10.136677139879543,"(10,11]",active,COc1ccccc1C(=O)Nc1cccc(NC(=O)c2ccccc2C)c1,<rdkit.Chem.rdchem.Mol object at 0x14af8d580>
,15037488.0,[],CHEMBL3367859,Inhibition of TASK-1 (unknown origin) expressed in CHO cells at 3 uM by thallium flux assay,B,BAO_0000201,BAO_0000219,cell-based format,COc1ccccc1C(=O)Nc2cccc(NC(=O)c3ccccc3C(C)C)c2,,,CHEMBL3351482,Bioorg. Med. Chem. Lett.,2014.0,,CHEMBL3187764,,CHEMBL3187764,,False,http://qudt.org/vocab/unit#Percent,2246626.0,=,1.0,True,=,,Inhibition,%,,100,CHEMBL2321613,Homo sapiens,Potassium channel subfamily K member 3,9606,,,INH,%,UO_0000187,,100.0,9.0,,,,,,,,,,,,,,,,,,,,,,,,,,,,,,,,,,,,,,,15037546,[],CHEMBL3367860,Inhibition of TASK-1 (unknown origin) expressed in CHO cells by thallium flux assay,B,BAO_0000190,BAO_0000219,cell-based format,COc1ccccc1C(=O)Nc2cccc(NC(=O)c3ccccc3C(C)C)c2,,,CHEMBL3351482,Bioorg. Med. Chem. Lett.,2014.0,"{'bei': '20.99', 'le': '0.38', 'lle': '2.83', 'sei': '12.09'}",,CHEMBL3187764,8.15,False,http://www.openphacts.org/units/Nanomolar,2246626,=,1,True,=,,IC50,nM,,7,CHEMBL2321613,Homo sapiens,Potassium channel subfamily K member 3,9606,,,IC50,uM,UO_0000065,,9,11.154901959985743,,active,COc1ccccc1C(=O)Nc1cccc(NC(=O)c2ccccc2C(C)C)c1,<rdkit.Chem.rdchem.Mol object at 0x14af8d580>
,15037489.0,[],CHEMBL3367859,Inhibition of TASK-1 (unknown origin) expressed in CHO cells at 3 uM by thallium flux assay,B,BAO_0000201,BAO_0000219,cell-based format,CC(C)c1ccccc1C(=O)Nc2cccc(NC(=O)c3ccccc3OC(F)(F)F)c2,,,CHEMBL3351482,Bioorg. Med. Chem. Lett.,2014.0,,CHEMBL3186000,,CHEMBL3186000,,False,http://qudt.org/vocab/unit#Percent,2246627.0,=,1.0,True,=,,Inhibition,%,,100,CHEMBL2321613,Homo sapiens,Potassium channel subfamily K member 3,9606,,,INH,%,UO_0000187,,100.0,9.0,,,,,,,,,,,,,,,,,,,,,,,,,,,,,,,,,,,,,,,15037547,[],CHEMBL3367860,Inhibition of TASK-1 (unknown origin) expressed in CHO cells by thallium flux assay,B,BAO_0000190,BAO_0000219,cell-based format,CC(C)c1ccccc1C(=O)Nc2cccc(NC(=O)c3ccccc3OC(F)(F)F)c2,,,CHEMBL3351482,Bioorg. Med. Chem. Lett.,2014.0,"{'bei': '17.99', 'le': '0.34', 'lle': '1.75', 'sei': '11.8'}",,CHEMBL3186000,7.96,False,http://www.openphacts.org/units/Nanomolar,2246627,=,1,True,=,,IC50,nM,,11,CHEMBL2321613,Homo sapiens,Potassium channel subfamily K member 3,9606,,,IC50,uM,UO_0000065,,9,10.958607314841775,"(10,11]",active,CC(C)c1ccccc1C(=O)Nc1cccc(NC(=O)c2ccccc2OC(F)(F)F)c1,<rdkit.Chem.rdchem.Mol object at 0x14af8d580>
,15037490.0,[],CHEMBL3367859,Inhibition of TASK-1 (unknown origin) expressed in CHO cells at 3 uM by thallium flux assay,B,BAO_0000201,BAO_0000219,cell-based format,CC(C)Oc1ccccc1C(=O)Nc2cccc(NC(=O)c3ccccc3OC(F)(F)F)c2,,,CHEMBL3351482,Bioorg. Med. Chem. Lett.,2014.0,,CHEMBL3182699,,CHEMBL3182699,,False,http://qudt.org/vocab/unit#Percent,2246628.0,=,1.0,True,=,,Inhibition,%,,93.4,CHEMBL2321613,Homo sapiens,Potassium channel subfamily K member 3,9606,,,INH,%,UO_0000187,,93.4,9.0,,,,,,,,,,,,,,,,,,,,,,,,,,,,,,,,,,,,,,,15037548,[],CHEMBL3367860,Inhibition of TASK-1 (unknown origin) expressed in CHO cells by thallium flux assay,B,BAO_0000190,BAO_0000219,cell-based format,CC(C)Oc1ccccc1C(=O)Nc2cccc(NC(=O)c3ccccc3OC(F)(F)F)c2,,,CHEMBL3351482,Bioorg. Med. Chem. Lett.,2014.0,"{'bei': '19.63', 'le': '0.37', 'lle': '3.12', 'sei': '11.74'}",,CHEMBL3182699,9,False,http://www.openphacts.org/units/Nanomolar,2246628,=,1,True,=,,IC50,nM,,1,CHEMBL2321613,Homo sapiens,Potassium channel subfamily K member 3,9606,,,IC50,uM,UO_0000065,,9,12.0,,active,CC(C)Oc1ccccc1C(=O)Nc1cccc(NC(=O)c2ccccc2OC(F)(F)F)c1,<rdkit.Chem.rdchem.Mol object at 0x14af8d580>
,15037491.0,[],CHEMBL3367859,Inhibition of TASK-1 (unknown origin) expressed in CHO cells at 3 uM by thallium flux assay,B,BAO_0000201,BAO_0000219,cell-based format,CCOc1ccccc1C(=O)Nc2cccc(NC(=O)c3ccccc3C(F)(F)F)c2,,,CHEMBL3351482,Bioorg. Med. Chem. Lett.,2014.0,,CHEMBL3182449,,CHEMBL3182449,,False,http://qudt.org/vocab/unit#Percent,2246629.0,=,1.0,True,=,,Inhibition,%,,92.8,CHEMBL2321613,Homo sapiens,Potassium channel subfamily K member 3,9606,,,INH,%,UO_0000187,,92.8,9.0,,,,,,,,,,,,,,,,,,,,,,,,,,,,,,,,,,,,,,,15037549,[],CHEMBL3367860,Inhibition of TASK-1 (unknown origin) expressed in CHO cells by thallium flux assay,B,BAO_0000190,BAO_0000219,cell-based format,CCOc1ccccc1C(=O)Nc2cccc(NC(=O)c3ccccc3C(F)(F)F)c2,,,CHEMBL3351482,Bioorg. Med. Chem. Lett.,2014.0,"{'bei': '20.31', 'le': '0.38', 'lle': '3.09', 'sei': '12.9'}",,CHEMBL3182449,8.7,False,http://www.openphacts.org/units/Nanomolar,2246629,=,1,True,=,,IC50,nM,,2,CHEMBL2321613,Homo sapiens,Potassium channel subfamily K member 3,9606,,,IC50,uM,UO_0000065,,9,11.698970004336019,,active,CCOc1ccccc1C(=O)Nc1cccc(NC(=O)c2ccccc2C(F)(F)F)c1,<rdkit.Chem.rdchem.Mol object at 0x14af8d580>
,15037492.0,[],CHEMBL3367859,Inhibition of TASK-1 (unknown origin) expressed in CHO cells at 3 uM by thallium flux assay,B,BAO_0000201,BAO_0000219,cell-based format,COc1cc(ccn1)C(=O)Nc2cccc(NC(=O)c3cccc(C)c3)c2,,,CHEMBL3351482,Bioorg. Med. Chem. Lett.,2014.0,,CHEMBL3317854,,CHEMBL3317854,,False,http://qudt.org/vocab/unit#Percent,2246630.0,=,1.0,True,=,,Inhibition,%,,90,CHEMBL2321613,Homo sapiens,Potassium channel subfamily K member 3,9606,,,INH,%,UO_0000187,,90.0,9.0,,,,,,,,,,,,,,,,,,,,,,,,,,,,,,,,,,,,,,,15037550,[],CHEMBL3367860,Inhibition of TASK-1 (unknown origin) expressed in CHO cells by thallium flux assay,B,BAO_0000190,BAO_0000219,cell-based format,COc1cc(ccn1)C(=O)Nc2cccc(NC(=O)c3cccc(C)c3)c2,,,CHEMBL3351482,Bioorg. Med. Chem. Lett.,2014.0,"{'bei': '18.66', 'le': '0.34', 'lle': '2.84', 'sei': '8.4'}",,CHEMBL3317854,6.75,False,http://www.openphacts.org/units/Nanomolar,2246630,=,1,True,=,,IC50,nM,,180,CHEMBL2321613,Homo sapiens,Potassium channel subfamily K member 3,9606,,,IC50,uM,UO_0000065,,9,9.744727494896694,"(9,10]",inactive,COc1cc(C(=O)Nc2cccc(NC(=O)c3cccc(C)c3)c2)ccn1,<rdkit.Chem.rdchem.Mol object at 0x14af8d580>
